{"dummy": true, "analysis_time_s": 119.16685397994297, "analysis_time_s_sem": 0.05283660171082308, "analysis_output_time_s": 1.57130416482687e-05, "analysis_output_time_s_sem": 2.3356185884686244e-09, "ete_simulation_time_s": 213.23838103099843, "total_time_s": 213.25324028499017, "simulation_time_s": 42.865702195, "data_management_time_s": 44.773053178, "gmx_freq_ns_per_sec": 0.831, "workflow_type": "Workflow 3"}