{"dummy": true, "analysis_time_s": 116.77607418397383, "analysis_time_s_sem": 0.05152966710876123, "analysis_output_time_s": 1.4483972336165607e-05, "analysis_output_time_s_sem": 1.9263256417917463e-09, "ete_simulation_time_s": 226.146280516994, "total_time_s": 226.14916847199493, "simulation_time_s": 59.529457313, "data_management_time_s": 44.32850358199998, "gmx_freq_ns_per_sec": 0.78, "workflow_type": "Workflow 3"}