{"dummy": true, "analysis_time_s": 4.302208337991033, "analysis_time_s_sem": 0.02031683262873374, "analysis_output_time_s": 1.5499972505494952e-06, "analysis_output_time_s_sem": 3.395432924540117e-09, "ete_simulation_time_s": 47.231249767006375, "total_time_s": 47.23200780199841, "simulation_time_s": 33.879474845, "data_management_time_s": 0.010073162999999496, "gmx_freq_ns_per_sec": 4.359, "workflow_type": "Workflow 2"}