{"dummy": true, "analysis_time_s": 5.3966616870166035, "analysis_time_s_sem": 0.025296379705628952, "analysis_output_time_s": 2.707995008677244e-06, "analysis_output_time_s_sem": 7.871507536571123e-09, "ete_simulation_time_s": 53.395174957986455, "total_time_s": 53.400408452987904, "simulation_time_s": 33.435321314, "data_management_time_s": 5.895649883, "gmx_freq_ns_per_sec": 3.705, "workflow_type": "Workflow 3"}