{"dummy": true, "ete_simulation_time_s": 41.82729277500039, "analysis_time_s": 2478.3382535040873, "analysis_time_s_sem": 0.13850736362834667, "analysis_output_time_s": 8.714701107237488e-05, "analysis_output_time_s_sem": 1.3532497897926167e-09, "read_frames_time": 1.0015432999935001, "ete_analysis_time_s": 960.0222542420015, "total_time_s": 1001.8507880269972, "simulation_time_s": 38.37936955299543, "data_management_time_s": 1.2016304470045724, "gmx_freq_ns_per_sec": 4.37, "workflow_type": "Workflow 1"}