{"dummy": true, "ete_simulation_time_s": 148.43113799799903, "analysis_time_s": 121.46321264001745, "analysis_time_s_sem": 0.053422681531565465, "analysis_output_time_s": 1.4021992683410645e-05, "analysis_output_time_s_sem": 1.6340215627201109e-09, "total_time_s": 151.70202790400072, "simulation_time_s": 46.829890824, "total_data_read_time_s": 25.752086018000004, "data_management_time_s": 123.480346298, "gmx_freq_ns_per_sec": 1.184, "workflow_type": "Workflow 4"}