{"dummy": true, "analysis_time_s": 4.2485116939933505, "analysis_time_s_sem": 0.01966209155025284, "analysis_output_time_s": 1.5940022422000766e-06, "analysis_output_time_s_sem": 4.3495184023971094e-09, "ete_simulation_time_s": 608.7754949640002, "total_time_s": 608.7799956560048, "simulation_time_s": 592.770697941, "data_management_time_s": 4.449339744, "gmx_freq_ns_per_sec": 0.286, "workflow_type": "Workflow 3"}