{"dummy": true, "ete_simulation_time_s": 152.5920623569982, "analysis_time_s": 122.09324426912644, "analysis_time_s_sem": 0.05302960464867262, "analysis_output_time_s": 2.4599008611403406e-05, "analysis_output_time_s_sem": 9.440348566333378e-08, "total_time_s": 155.64593391900416, "simulation_time_s": 81.37372137, "total_data_read_time_s": 29.001261024, "data_management_time_s": 96.176498647, "gmx_freq_ns_per_sec": 1.152, "workflow_type": "Workflow 4"}