{"dummy": true, "analysis_time_s": 4.129714223985502, "analysis_time_s_sem": 0.018870066949759075, "analysis_output_time_s": 1.7540005501359701e-06, "analysis_output_time_s_sem": 5.238237204129392e-09, "ete_simulation_time_s": 68.39753360999748, "total_time_s": 68.39964681899437, "simulation_time_s": 56.535824211, "data_management_time_s": 0.0061043249999999105, "gmx_freq_ns_per_sec": 2.783, "workflow_type": "Workflow 2"}