{"dummy": true, "ete_simulation_time_s": 40.23198818200035, "analysis_time_s": 7.014694735014928, "analysis_time_s_sem": 0.016761969016996364, "analysis_output_time_s": 1.746971975080669e-06, "analysis_output_time_s_sem": 5.95386094040648e-09, "read_frames_time": 2.4645311740023317, "ete_analysis_time_s": 11.50849518799805, "total_time_s": 51.75375098299992, "simulation_time_s": 32.611467079025694, "data_management_time_s": 2.5265329209743066, "gmx_freq_ns_per_sec": 4.923, "workflow_type": "Workflow 1"}