{"dummy": true, "ete_simulation_time_s": 152.97415967000416, "analysis_time_s": 121.5334617330227, "analysis_time_s_sem": 0.05359232709328584, "analysis_output_time_s": 2.648297231644392e-05, "analysis_output_time_s_sem": 1.1304174704104572e-07, "total_time_s": 156.3044606540061, "simulation_time_s": 81.23031216800001, "total_data_read_time_s": 28.968632551, "data_management_time_s": 96.562185657, "gmx_freq_ns_per_sec": 1.152, "workflow_type": "Workflow 4"}