{"dummy": true, "ete_simulation_time_s": 46.41021415099385, "analysis_time_s": 2721.955457995078, "analysis_time_s_sem": 0.14250076032989883, "analysis_output_time_s": 9.151003905571997e-05, "analysis_output_time_s_sem": 1.319264573947737e-09, "read_frames_time": 0.8446460899867816, "ete_analysis_time_s": 124.9884631090099, "total_time_s": 171.41913855599705, "simulation_time_s": 42.74026239997416, "data_management_time_s": 0.9747376000258373, "gmx_freq_ns_per_sec": 3.957, "workflow_type": "Workflow 1"}