{"dummy": true, "analysis_time_s": 114.45417224198172, "analysis_time_s_sem": 0.049111869335655756, "analysis_output_time_s": 1.307495404034853e-05, "analysis_output_time_s_sem": 1.381623019876732e-09, "ete_simulation_time_s": 734.2725657440023, "total_time_s": 734.2785434440011, "simulation_time_s": 569.804910008, "data_management_time_s": 38.59237914699999, "gmx_freq_ns_per_sec": 0.237, "workflow_type": "Workflow 3"}