{"dummy": true, "ete_simulation_time_s": 40.31682606600225, "analysis_time_s": 147.97926360504061, "analysis_time_s_sem": 0.04974917268590442, "analysis_output_time_s": 1.4345932868309319e-05, "analysis_output_time_s_sem": 1.8864611141266865e-09, "read_frames_time": 2.545382616997813, "ete_analysis_time_s": 152.50963669799967, "total_time_s": 192.88435755300452, "simulation_time_s": 32.55460303706931, "data_management_time_s": 2.687396962930681, "gmx_freq_ns_per_sec": 4.908, "workflow_type": "Workflow 1"}