{"dummy": true, "analysis_time_s": 3.9767674659888144, "analysis_time_s_sem": 0.017896281409236943, "analysis_output_time_s": 1.5289988368749619e-06, "analysis_output_time_s_sem": 4.738354662622961e-09, "ete_simulation_time_s": 72.98540057199716, "total_time_s": 72.98815022000053, "simulation_time_s": 58.552376439, "data_management_time_s": 4.6967088530000005, "gmx_freq_ns_per_sec": 2.518, "workflow_type": "Workflow 3"}