{"dummy": true, "analysis_time_s": 125.49973585188854, "analysis_time_s_sem": 0.055386331743921643, "analysis_output_time_s": 1.4644028851762414e-05, "analysis_output_time_s_sem": 3.3671061272565623e-09, "ete_simulation_time_s": 231.38215309000225, "total_time_s": 231.38742032299342, "simulation_time_s": 98.04407306, "data_management_time_s": 0.045414728999986664, "gmx_freq_ns_per_sec": 0.769, "workflow_type": "Workflow 2"}