{"dummy": true, "analysis_time_s": 123.74816480197478, "analysis_time_s_sem": 0.05538930894648853, "analysis_output_time_s": 1.4264966011978686e-05, "analysis_output_time_s_sem": 1.8054085639453327e-09, "ete_simulation_time_s": 172.3412615959969, "total_time_s": 172.35599738299788, "simulation_time_s": 40.066011992, "data_management_time_s": 0.0605684129999986, "gmx_freq_ns_per_sec": 1.047, "workflow_type": "Workflow 2"}