{"dummy": true, "ete_simulation_time_s": 172.8100549660012, "analysis_time_s": 142.83064282904525, "analysis_time_s_sem": 0.06023132260364967, "analysis_output_time_s": 1.665998570388183e-05, "analysis_output_time_s_sem": 4.241115558775804e-09, "total_time_s": 175.3407186530021, "simulation_time_s": 44.765380678, "total_data_read_time_s": 25.643709463, "data_management_time_s": 147.773915995, "gmx_freq_ns_per_sec": 1.026, "workflow_type": "Workflow 4"}