{"dummy": true, "ete_simulation_time_s": 84.16702024300321, "analysis_time_s": 6.904451207999955, "analysis_time_s_sem": 0.01578273435148614, "analysis_output_time_s": 1.658991095609963e-06, "analysis_output_time_s_sem": 5.9539213591281735e-09, "read_frames_time": 2.2709715659948415, "ete_analysis_time_s": 10.863144805000047, "total_time_s": 95.0337529150056, "simulation_time_s": 79.38002677501406, "data_management_time_s": 2.4549732249859373, "gmx_freq_ns_per_sec": 2.114, "workflow_type": "Workflow 1"}