{"dummy": true, "analysis_time_s": 4.56862510801875, "analysis_time_s_sem": 0.021504930022077613, "analysis_output_time_s": 1.791006070561707e-06, "analysis_output_time_s_sem": 1.5348251657116693e-08, "ete_simulation_time_s": 49.84882906799612, "total_time_s": 49.850814777993946, "simulation_time_s": 43.768865081, "total_data_read_time_s": 39.184667925, "data_management_time_s": 40.554172603, "gmx_freq_ns_per_sec": 3.679, "workflow_type": "Workflow 4"}