{"dummy": true, "analysis_time_s": 112.72900307396048, "analysis_time_s_sem": 0.05262256004962143, "analysis_output_time_s": 1.4965000445954502e-05, "analysis_output_time_s_sem": 1.8563648746624587e-09, "ete_simulation_time_s": 327.12065861099836, "total_time_s": 327.1235386949993, "simulation_time_s": 166.967193887, "data_management_time_s": 41.39174308499997, "gmx_freq_ns_per_sec": 0.536, "workflow_type": "Workflow 3"}