{"dummy": true, "analysis_time_s": 130.8754467661056, "analysis_time_s_sem": 0.05807450843124133, "analysis_output_time_s": 1.7369049601256847e-05, "analysis_output_time_s_sem": 4.014444324101347e-09, "ete_simulation_time_s": 240.53720104500826, "total_time_s": 240.5449595760001, "simulation_time_s": 49.105312044, "data_management_time_s": 50.866210921000004, "gmx_freq_ns_per_sec": 0.743, "workflow_type": "Workflow 3"}