{"dummy": true, "analysis_time_s": 4.374210245994618, "analysis_time_s_sem": 0.020397708574047244, "analysis_output_time_s": 1.4990000636316836e-06, "analysis_output_time_s_sem": 4.133950991372543e-09, "ete_simulation_time_s": 616.8555471750005, "total_time_s": 616.8592092410036, "simulation_time_s": 610.881798405, "total_data_read_time_s": 606.968720907, "data_management_time_s": 607.999269772, "gmx_freq_ns_per_sec": 0.281, "workflow_type": "Workflow 4"}