{"dummy": true, "analysis_time_s": 115.608238663066, "analysis_time_s_sem": 0.051589140990168106, "analysis_output_time_s": 1.3757984561379999e-05, "analysis_output_time_s_sem": 1.3905514872548067e-09, "ete_simulation_time_s": 161.7786193110005, "total_time_s": 161.78032963199803, "simulation_time_s": 40.455665615, "data_management_time_s": 0.06870996000000673, "gmx_freq_ns_per_sec": 1.099, "workflow_type": "Workflow 2"}