{"dummy": true, "analysis_time_s": 3.7350325130246347, "analysis_time_s_sem": 0.01919967099821585, "analysis_output_time_s": 1.692984369583428e-06, "analysis_output_time_s_sem": 1.4560072116931375e-08, "ete_simulation_time_s": 166.9105962879985, "total_time_s": 166.92534072999842, "simulation_time_s": 157.083696011, "data_management_time_s": 0.004122167999999871, "gmx_freq_ns_per_sec": 1.065, "workflow_type": "Workflow 2"}