{"dummy": true, "analysis_time_s": 123.5291855520627, "analysis_time_s_sem": 0.055213025769056505, "analysis_output_time_s": 1.391707337461412e-05, "analysis_output_time_s_sem": 2.1548278463192583e-09, "ete_simulation_time_s": 236.15289566200227, "total_time_s": 236.16488958100672, "simulation_time_s": 60.186625952, "data_management_time_s": 44.24544523600001, "gmx_freq_ns_per_sec": 0.754, "workflow_type": "Workflow 3"}