{"dummy": true, "ete_simulation_time_s": 40.819319346002885, "analysis_time_s": 7.125120797005366, "analysis_time_s_sem": 0.01396313025971352, "analysis_output_time_s": 1.6439880710095167e-06, "analysis_output_time_s_sem": 5.9059919416621054e-09, "read_frames_time": 2.2205913570069242, "ete_analysis_time_s": 11.559291024997947, "total_time_s": 52.381362944011926, "simulation_time_s": 34.913406999005005, "data_management_time_s": 2.540593000994995, "gmx_freq_ns_per_sec": 4.618, "workflow_type": "Workflow 1"}