{"dummy": true, "ete_simulation_time_s": 635.1134713100037, "analysis_time_s": 117.38084732102288, "analysis_time_s_sem": 0.05238213794448428, "analysis_output_time_s": 1.3029028195887804e-05, "analysis_output_time_s_sem": 2.0747132658602452e-09, "total_time_s": 636.3189263770037, "simulation_time_s": 620.707909593, "total_data_read_time_s": 514.924813256, "data_management_time_s": 524.245438876, "gmx_freq_ns_per_sec": 0.273, "workflow_type": "Workflow 4"}