{"dummy": true, "ete_simulation_time_s": 41.11271947399655, "analysis_time_s": 7.266257721974398, "analysis_time_s_sem": 0.017746774246446557, "analysis_output_time_s": 1.6599951777607203e-06, "analysis_output_time_s_sem": 6.758639344986172e-09, "read_frames_time": 2.207817245987826, "ete_analysis_time_s": 11.36571212200215, "total_time_s": 52.5020717389998, "simulation_time_s": 35.396181094016995, "data_management_time_s": 2.275818905983004, "gmx_freq_ns_per_sec": 4.592, "workflow_type": "Workflow 1"}