{"dummy": true, "ete_simulation_time_s": 62.06115385401063, "analysis_time_s": 145.58268958392728, "analysis_time_s_sem": 0.053178017408536817, "analysis_output_time_s": 1.5413053915835917e-05, "analysis_output_time_s_sem": 2.081432890674861e-09, "read_frames_time": 2.3604065840045223, "ete_analysis_time_s": 149.8864590000012, "total_time_s": 211.95455161599966, "simulation_time_s": 56.51757800294156, "data_management_time_s": 2.611421997058438, "gmx_freq_ns_per_sec": 2.925, "workflow_type": "Workflow 1"}