{"dummy": true, "analysis_time_s": 4.571981053988566, "analysis_time_s_sem": 0.019461641685427612, "analysis_output_time_s": 1.5559999155811965e-06, "analysis_output_time_s_sem": 5.321552511083723e-09, "ete_simulation_time_s": 47.92647196199687, "total_time_s": 47.927887880003254, "simulation_time_s": 42.628697844, "total_data_read_time_s": 36.692217152, "data_management_time_s": 37.818679554999996, "gmx_freq_ns_per_sec": 3.864, "workflow_type": "Workflow 4"}