{"dummy": true, "analysis_time_s": 3.7324533779901685, "analysis_time_s_sem": 0.01656609760745614, "analysis_output_time_s": 1.3429817045107484e-06, "analysis_output_time_s_sem": 4.179018127395855e-09, "ete_simulation_time_s": 568.8546805699953, "total_time_s": 568.8613693469961, "simulation_time_s": 557.0373881950001, "data_management_time_s": 0.0030445510000003395, "gmx_freq_ns_per_sec": 0.307, "workflow_type": "Workflow 2"}