{"dummy": true, "analysis_time_s": 112.4888034308533, "analysis_time_s_sem": 0.051963574808772436, "analysis_output_time_s": 1.3270066119730473e-05, "analysis_output_time_s_sem": 1.530513066759912e-09, "ete_simulation_time_s": 712.6810458810069, "total_time_s": 712.7064022190025, "simulation_time_s": 593.731959671, "data_management_time_s": 0.03313080399999535, "gmx_freq_ns_per_sec": 0.244, "workflow_type": "Workflow 2"}