{"dummy": true, "ete_simulation_time_s": 41.039920980001625, "analysis_time_s": 252.27972002106253, "analysis_time_s_sem": 0.07468956631748631, "analysis_output_time_s": 2.398099604761228e-05, "analysis_output_time_s_sem": 2.8346430347461263e-09, "read_frames_time": 0.8838677340027061, "ete_analysis_time_s": 234.12776586700056, "total_time_s": 275.16949294700316, "simulation_time_s": 37.56410828500125, "data_management_time_s": 1.0508917149987538, "gmx_freq_ns_per_sec": 4.479, "workflow_type": "Workflow 1"}