{"dummy": true, "analysis_time_s": 124.21389941805683, "analysis_time_s_sem": 0.055508339680668844, "analysis_output_time_s": 1.6312988009303808e-05, "analysis_output_time_s_sem": 3.437656717563887e-09, "ete_simulation_time_s": 231.88014456701057, "total_time_s": 231.8853784189996, "simulation_time_s": 48.587094964, "data_management_time_s": 51.34087370899999, "gmx_freq_ns_per_sec": 0.768, "workflow_type": "Workflow 3"}