{"dummy": true, "ete_simulation_time_s": 47.71583894400101, "analysis_time_s": 6.958661676006159, "analysis_time_s_sem": 0.016600655838318264, "analysis_output_time_s": 1.820997567847371e-06, "analysis_output_time_s_sem": 1.8268565530383745e-08, "read_frames_time": 2.185718791006366, "ete_analysis_time_s": 11.001262071993551, "total_time_s": 58.74786281499837, "simulation_time_s": 42.35527938799606, "data_management_time_s": 2.2707206120039336, "gmx_freq_ns_per_sec": 3.876, "workflow_type": "Workflow 1"}