{"dummy": true, "analysis_time_s": 120.86179320600058, "analysis_time_s_sem": 0.055054483005944926, "analysis_output_time_s": 1.5551981050521135e-05, "analysis_output_time_s_sem": 2.947196764748945e-09, "ete_simulation_time_s": 225.20762400999956, "total_time_s": 225.232391070007, "simulation_time_s": 49.114521151000005, "data_management_time_s": 48.45879432000001, "gmx_freq_ns_per_sec": 0.787, "workflow_type": "Workflow 3"}