{"dummy": true, "ete_simulation_time_s": 61.93028271399089, "analysis_time_s": 4321.839078319084, "analysis_time_s_sem": 0.16528588175845607, "analysis_output_time_s": 0.00011692913540173322, "analysis_output_time_s_sem": 1.1793140898748637e-09, "read_frames_time": 0.9574963409977499, "ete_analysis_time_s": 156.76967595399765, "total_time_s": 218.73985733899463, "simulation_time_s": 58.55638672986685, "data_management_time_s": 1.1046132701331517, "gmx_freq_ns_per_sec": 2.899, "workflow_type": "Workflow 1"}