{"dummy": true, "ete_simulation_time_s": 188.32902093099983, "analysis_time_s": 128.56062973600638, "analysis_time_s_sem": 0.05541050889409296, "analysis_output_time_s": 1.3728989870287478e-05, "analysis_output_time_s_sem": 1.7228017164176781e-09, "total_time_s": 192.0175676469953, "simulation_time_s": 159.73095604, "total_data_read_time_s": 57.513736179, "data_management_time_s": 82.184896075, "gmx_freq_ns_per_sec": 0.931, "workflow_type": "Workflow 4"}