{"dummy": true, "ete_simulation_time_s": 47.45633614899998, "analysis_time_s": 724.08339359206, "analysis_time_s_sem": 0.10074398120268128, "analysis_output_time_s": 4.479397466639057e-05, "analysis_output_time_s_sem": 1.902444818696485e-09, "read_frames_time": 0.9853961269982392, "ete_analysis_time_s": 472.8329132189974, "total_time_s": 520.2929859519936, "simulation_time_s": 43.75755907902709, "data_management_time_s": 1.1764409209729056, "gmx_freq_ns_per_sec": 3.849, "workflow_type": "Workflow 1"}