{"dummy": true, "analysis_time_s": 4.131995268995524, "analysis_time_s_sem": 0.019473506063442874, "analysis_output_time_s": 1.4369870768859982e-06, "analysis_output_time_s_sem": 6.117745766432293e-09, "ete_simulation_time_s": 170.7967256089978, "total_time_s": 170.79846495999664, "simulation_time_s": 158.95484065, "data_management_time_s": 0.0037705410000006268, "gmx_freq_ns_per_sec": 1.05, "workflow_type": "Workflow 2"}