{"dummy": true, "analysis_time_s": 4.1902458330005175, "analysis_time_s_sem": 0.02094546143956191, "analysis_output_time_s": 1.6960111679509282e-06, "analysis_output_time_s_sem": 7.592377042176716e-09, "ete_simulation_time_s": 44.65359216601064, "total_time_s": 44.65752369900292, "simulation_time_s": 34.097923377, "data_management_time_s": 0.009773694999999805, "gmx_freq_ns_per_sec": 4.383, "workflow_type": "Workflow 2"}