{"dummy": true, "ete_simulation_time_s": 150.41845576999185, "analysis_time_s": 122.92841062386287, "analysis_time_s_sem": 0.05456802357850833, "analysis_output_time_s": 1.5126934158615768e-05, "analysis_output_time_s_sem": 2.057479558224059e-09, "total_time_s": 153.52441343400278, "simulation_time_s": 39.540311888, "total_data_read_time_s": 25.859317056000002, "data_management_time_s": 132.209454002, "gmx_freq_ns_per_sec": 1.171, "workflow_type": "Workflow 4"}