{"dummy": true, "ete_simulation_time_s": 48.81973703199765, "analysis_time_s": 8.277393069976824, "analysis_time_s_sem": 0.016976531983993133, "analysis_output_time_s": 1.6100384527817369e-06, "analysis_output_time_s_sem": 5.6365719504323776e-09, "read_frames_time": 2.3323117190011544, "ete_analysis_time_s": 12.51602904300671, "total_time_s": 61.33848958100134, "simulation_time_s": 42.42668667096039, "data_management_time_s": 2.4043133290396073, "gmx_freq_ns_per_sec": 3.858, "workflow_type": "Workflow 1"}