{"dummy": true, "analysis_time_s": 4.157804871007102, "analysis_time_s_sem": 0.018734922904535215, "analysis_output_time_s": 1.4909965102560818e-06, "analysis_output_time_s_sem": 4.489197217166152e-09, "ete_simulation_time_s": 54.68721879799705, "total_time_s": 54.690019200999814, "simulation_time_s": 43.287370671, "data_management_time_s": 0.006342179999999864, "gmx_freq_ns_per_sec": 3.552, "workflow_type": "Workflow 2"}