{"dummy": true, "analysis_time_s": 4.179252010988421, "analysis_time_s_sem": 0.0194717260849009, "analysis_output_time_s": 1.405001967214048e-06, "analysis_output_time_s_sem": 4.228565077249681e-09, "ete_simulation_time_s": 629.7874106859963, "total_time_s": 629.803973446993, "simulation_time_s": 624.262756164, "total_data_read_time_s": 621.9859516, "data_management_time_s": 623.021677006, "gmx_freq_ns_per_sec": 0.275, "workflow_type": "Workflow 4"}