{"dummy": true, "analysis_time_s": 4.2215893139800755, "analysis_time_s_sem": 0.017371866676060433, "analysis_output_time_s": 1.5279947547242045e-06, "analysis_output_time_s_sem": 4.2678855546399676e-09, "ete_simulation_time_s": 61.21832914299739, "total_time_s": 61.22203586700198, "simulation_time_s": 44.075410812, "data_management_time_s": 4.731196990000003, "gmx_freq_ns_per_sec": 3.184, "workflow_type": "Workflow 3"}