{"dummy": true, "ete_simulation_time_s": 38.89799750500242, "analysis_time_s": 5870.539754274068, "analysis_time_s_sem": 0.1775009389716376, "analysis_output_time_s": 0.00013737422705162317, "analysis_output_time_s_sem": 1.073129680632974e-09, "read_frames_time": 1.1430229130055523, "ete_analysis_time_s": 1549.960191295002, "total_time_s": 1588.9835781389993, "simulation_time_s": 34.109839712767396, "data_management_time_s": 1.344160287232604, "gmx_freq_ns_per_sec": 4.879, "workflow_type": "Workflow 1"}