{"dummy": true, "ete_simulation_time_s": 48.90619270199386, "analysis_time_s": 2876.9781508190936, "analysis_time_s_sem": 0.15078694414474705, "analysis_output_time_s": 9.38380544539541e-05, "analysis_output_time_s_sem": 1.302111616038703e-09, "read_frames_time": 0.9268975629966008, "ete_analysis_time_s": 156.0447924379987, "total_time_s": 204.95324030899792, "simulation_time_s": 45.54700859894894, "data_management_time_s": 1.0789914010510546, "gmx_freq_ns_per_sec": 3.71, "workflow_type": "Workflow 1"}