{"dummy": true, "ete_simulation_time_s": 59.0598547970003, "analysis_time_s": 7.252758401024039, "analysis_time_s_sem": 0.016892877312259913, "analysis_output_time_s": 1.7790152924135327e-06, "analysis_output_time_s_sem": 1.5165739774403655e-08, "read_frames_time": 2.2772159909945913, "ete_analysis_time_s": 11.57329197099898, "total_time_s": 70.6356287469971, "simulation_time_s": 53.74678222999012, "data_management_time_s": 2.3862177700098837, "gmx_freq_ns_per_sec": 3.081, "workflow_type": "Workflow 1"}