{"dummy": true, "analysis_time_s": 4.456214537975029, "analysis_time_s_sem": 0.01852704207150731, "analysis_output_time_s": 1.617023372091353e-06, "analysis_output_time_s_sem": 1.0088388971529943e-08, "ete_simulation_time_s": 61.304009179002605, "total_time_s": 61.31166434701299, "simulation_time_s": 43.689820062, "data_management_time_s": 5.869223616000001, "gmx_freq_ns_per_sec": 3.125, "workflow_type": "Workflow 3"}