{"dummy": true, "analysis_time_s": 4.067732692987192, "analysis_time_s_sem": 0.02085246875380489, "analysis_output_time_s": 1.671010977588594e-06, "analysis_output_time_s_sem": 6.116571224244638e-09, "ete_simulation_time_s": 175.19506733099115, "total_time_s": 175.21560792998935, "simulation_time_s": 160.383398978, "data_management_time_s": 4.5404746750000005, "gmx_freq_ns_per_sec": 1.014, "workflow_type": "Workflow 3"}