{"dummy": true, "analysis_time_s": 121.89353491899965, "analysis_time_s_sem": 0.054183050937410264, "analysis_output_time_s": 1.2728953151963651e-05, "analysis_output_time_s_sem": 1.879066441518213e-09, "ete_simulation_time_s": 294.78039335900394, "total_time_s": 294.83261102800316, "simulation_time_s": 165.067288511, "data_management_time_s": 0.03541060899999593, "gmx_freq_ns_per_sec": 0.599, "workflow_type": "Workflow 2"}