{"dummy": true, "analysis_time_s": 122.8895020550408, "analysis_time_s_sem": 0.0549554009646183, "analysis_output_time_s": 1.7016034689731896e-05, "analysis_output_time_s_sem": 2.0335945827674783e-09, "ete_simulation_time_s": 175.5140734029992, "total_time_s": 175.51740930200322, "simulation_time_s": 44.514933511, "data_management_time_s": 0.06784421199998292, "gmx_freq_ns_per_sec": 1.025, "workflow_type": "Workflow 2"}