{"dummy": true, "ete_simulation_time_s": 627.3798830029991, "analysis_time_s": 123.82237810704828, "analysis_time_s_sem": 0.05482951888096663, "analysis_output_time_s": 1.3477962056640536e-05, "analysis_output_time_s_sem": 1.5426621290587387e-09, "total_time_s": 628.7518445399983, "simulation_time_s": 612.905611834, "total_data_read_time_s": 499.80411799399997, "data_management_time_s": 509.14173456, "gmx_freq_ns_per_sec": 0.277, "workflow_type": "Workflow 4"}