{"dummy": true, "analysis_time_s": 4.503566377970856, "analysis_time_s_sem": 0.02249553154905561, "analysis_output_time_s": 1.5689729480072856e-06, "analysis_output_time_s_sem": 3.344682808547401e-09, "ete_simulation_time_s": 179.01167659000203, "total_time_s": 179.0207837449998, "simulation_time_s": 161.69632531399998, "data_management_time_s": 4.509285946000002, "gmx_freq_ns_per_sec": 1.002, "workflow_type": "Workflow 3"}