{"dummy": true, "analysis_time_s": 124.86516078791465, "analysis_time_s_sem": 0.055134411922002545, "analysis_output_time_s": 1.5730023733340204e-05, "analysis_output_time_s_sem": 6.508085415509344e-09, "ete_simulation_time_s": 232.1855950889876, "total_time_s": 232.19800354799372, "simulation_time_s": 50.006244906, "data_management_time_s": 49.035775031000014, "gmx_freq_ns_per_sec": 0.768, "workflow_type": "Workflow 3"}