{"dummy": true, "analysis_time_s": 117.25224539609917, "analysis_time_s_sem": 0.05230560378725485, "analysis_output_time_s": 1.439903280697763e-05, "analysis_output_time_s_sem": 3.0244374600754374e-09, "ete_simulation_time_s": 182.99200361299154, "total_time_s": 182.99380972200015, "simulation_time_s": 59.074858246999995, "data_management_time_s": 0.054373857000001635, "gmx_freq_ns_per_sec": 0.972, "workflow_type": "Workflow 2"}