{"dummy": true, "analysis_time_s": 116.28233547599666, "analysis_time_s_sem": 0.052689509784500724, "analysis_output_time_s": 1.3759054127149284e-05, "analysis_output_time_s_sem": 1.635096924931125e-09, "ete_simulation_time_s": 771.4917940529995, "total_time_s": 771.4970246550001, "simulation_time_s": 608.151191666, "data_management_time_s": 40.05128389199999, "gmx_freq_ns_per_sec": 0.225, "workflow_type": "Workflow 3"}