{"dummy": true, "ete_simulation_time_s": 48.9280219610082, "analysis_time_s": 144.1999865520629, "analysis_time_s_sem": 0.05223896319923762, "analysis_output_time_s": 1.3823999324813485e-05, "analysis_output_time_s_sem": 2.094583098464242e-09, "read_frames_time": 2.485316252001212, "ete_analysis_time_s": 148.93166358300368, "total_time_s": 197.86339885700727, "simulation_time_s": 42.382669923999465, "data_management_time_s": 2.625330076000537, "gmx_freq_ns_per_sec": 3.843, "workflow_type": "Workflow 1"}