{"dummy": true, "analysis_time_s": 4.186809519975213, "analysis_time_s_sem": 0.017112288297839975, "analysis_output_time_s": 1.838008756749332e-06, "analysis_output_time_s_sem": 5.015770541531011e-09, "ete_simulation_time_s": 46.887126354005886, "total_time_s": 46.89296164599364, "simulation_time_s": 36.375054907999996, "data_management_time_s": 0.006974747999999309, "gmx_freq_ns_per_sec": 4.12, "workflow_type": "Workflow 2"}