{"dummy": true, "ete_simulation_time_s": 166.6861376119923, "analysis_time_s": 138.46912795999378, "analysis_time_s_sem": 0.05797754527276039, "analysis_output_time_s": 1.7084021237678826e-05, "analysis_output_time_s_sem": 4.314166365722467e-09, "total_time_s": 169.84482627898979, "simulation_time_s": 43.494279997, "total_data_read_time_s": 25.875663968, "data_management_time_s": 144.324776718, "gmx_freq_ns_per_sec": 1.058, "workflow_type": "Workflow 4"}