{"dummy": true, "ete_simulation_time_s": 187.13279306500044, "analysis_time_s": 127.73354850901524, "analysis_time_s_sem": 0.05741060877964486, "analysis_output_time_s": 1.4310986443888396e-05, "analysis_output_time_s_sem": 1.8165557547617867e-09, "total_time_s": 190.9081534479992, "simulation_time_s": 159.15708025200001, "total_data_read_time_s": 58.863235068, "data_management_time_s": 83.085937812, "gmx_freq_ns_per_sec": 0.935, "workflow_type": "Workflow 4"}