{"dummy": true, "analysis_time_s": 4.4340375649917405, "analysis_time_s_sem": 0.022186643882955114, "analysis_output_time_s": 1.6789999790489674e-06, "analysis_output_time_s_sem": 1.3661789921012045e-08, "ete_simulation_time_s": 61.152669980998326, "total_time_s": 61.1540568279961, "simulation_time_s": 42.308126972, "data_management_time_s": 5.512410802000001, "gmx_freq_ns_per_sec": 3.22, "workflow_type": "Workflow 3"}