{"dummy": true, "ete_simulation_time_s": 156.5441181060014, "analysis_time_s": 127.35369775594154, "analysis_time_s_sem": 0.05650648724705374, "analysis_output_time_s": 1.49630504893139e-05, "analysis_output_time_s_sem": 2.2775084010732927e-09, "total_time_s": 159.60883079099585, "simulation_time_s": 58.108105699, "total_data_read_time_s": 26.069811947999998, "data_management_time_s": 119.928405068, "gmx_freq_ns_per_sec": 1.128, "workflow_type": "Workflow 4"}