{"dummy": true, "ete_simulation_time_s": 572.863158565, "analysis_time_s": 144.90678876301536, "analysis_time_s_sem": 0.05287717623391257, "analysis_output_time_s": 1.4128992916084826e-05, "analysis_output_time_s_sem": 1.8088870929157149e-09, "read_frames_time": 2.545762706999085, "ete_analysis_time_s": 149.34122050300357, "total_time_s": 722.2144315800033, "simulation_time_s": 567.157223164008, "data_management_time_s": 3.7177768359920007, "gmx_freq_ns_per_sec": 0.303, "workflow_type": "Workflow 1"}