{"dummy": true, "ete_simulation_time_s": 163.5506878939923, "analysis_time_s": 138.0199131830159, "analysis_time_s_sem": 0.04958358071494689, "analysis_output_time_s": 1.5036057448014617e-05, "analysis_output_time_s_sem": 1.6531718152982448e-09, "read_frames_time": 2.3213159079896286, "ete_analysis_time_s": 142.22821229801048, "total_time_s": 305.79090206799447, "simulation_time_s": 157.7036690559529, "data_management_time_s": 3.1513309440470767, "gmx_freq_ns_per_sec": 1.075, "workflow_type": "Workflow 1"}