{"dummy": true, "ete_simulation_time_s": 164.33108072499454, "analysis_time_s": 4166.087911555063, "analysis_time_s_sem": 0.16376356623946442, "analysis_output_time_s": 0.00011468911543488503, "analysis_output_time_s_sem": 1.195599335073074e-09, "read_frames_time": 1.1112768680031877, "ete_analysis_time_s": 1290.3370935209969, "total_time_s": 1454.7238779820036, "simulation_time_s": 160.18960844288137, "data_management_time_s": 1.8333915571186226, "gmx_freq_ns_per_sec": 1.068, "workflow_type": "Workflow 1"}