{"dummy": true, "analysis_time_s": 129.1056654950371, "analysis_time_s_sem": 0.05630437430075371, "analysis_output_time_s": 1.5320052625611424e-05, "analysis_output_time_s_sem": 3.910049043172204e-09, "ete_simulation_time_s": 188.0692241999932, "total_time_s": 188.07928853899648, "simulation_time_s": 49.646574303, "data_management_time_s": 0.05971517999998355, "gmx_freq_ns_per_sec": 0.959, "workflow_type": "Workflow 2"}