{"dummy": true, "analysis_time_s": 3.915423638012726, "analysis_time_s_sem": 0.017298231320617585, "analysis_output_time_s": 1.641979906708002e-06, "analysis_output_time_s_sem": 6.709508894653281e-09, "ete_simulation_time_s": 55.13542387500638, "total_time_s": 55.1382880119927, "simulation_time_s": 44.718287896, "data_management_time_s": 0.005462912999999681, "gmx_freq_ns_per_sec": 3.449, "workflow_type": "Workflow 2"}