{"dummy": true, "ete_simulation_time_s": 605.0906451390038, "analysis_time_s": 7.295130516009522, "analysis_time_s_sem": 0.017116660715527005, "analysis_output_time_s": 1.8680148059502244e-06, "analysis_output_time_s_sem": 7.835050342854672e-09, "read_frames_time": 2.2503168389957864, "ete_analysis_time_s": 11.619829517003382, "total_time_s": 616.7682009460113, "simulation_time_s": 599.7846812929895, "data_management_time_s": 3.2373187070105924, "gmx_freq_ns_per_sec": 0.287, "workflow_type": "Workflow 1"}