{"dummy": true, "analysis_time_s": 159.48666859699733, "analysis_time_s_sem": 0.06876387978501894, "analysis_output_time_s": 2.1484978788066655e-05, "analysis_output_time_s_sem": 4.159162873909464e-09, "ete_simulation_time_s": 212.59682706499734, "total_time_s": 212.60094739399938, "simulation_time_s": 41.436240994, "data_management_time_s": 0.10347363500000029, "gmx_freq_ns_per_sec": 0.853, "workflow_type": "Workflow 2"}