{"dummy": true, "analysis_time_s": 3.949355396995088, "analysis_time_s_sem": 0.017537990512436187, "analysis_output_time_s": 1.544001861475408e-06, "analysis_output_time_s_sem": 4.058976206314694e-09, "ete_simulation_time_s": 65.45131097899866, "total_time_s": 65.45467240500147, "simulation_time_s": 55.381959027, "data_management_time_s": 0.006134693999999996, "gmx_freq_ns_per_sec": 2.848, "workflow_type": "Workflow 2"}