{"dummy": true, "analysis_time_s": 126.28858972304442, "analysis_time_s_sem": 0.0547759789365248, "analysis_output_time_s": 1.4725985238328576e-05, "analysis_output_time_s_sem": 1.790774191247439e-09, "ete_simulation_time_s": 274.62898772599874, "total_time_s": 274.64003198000137, "simulation_time_s": 98.223294094, "data_management_time_s": 42.222723168000016, "gmx_freq_ns_per_sec": 0.645, "workflow_type": "Workflow 3"}