{"dummy": true, "ete_simulation_time_s": 41.90476073200989, "analysis_time_s": 142.7393779349659, "analysis_time_s_sem": 0.049425554773125435, "analysis_output_time_s": 1.3780983863398433e-05, "analysis_output_time_s_sem": 1.886891708627858e-09, "read_frames_time": 2.542335435995483, "ete_analysis_time_s": 147.26493454100273, "total_time_s": 189.23788043600507, "simulation_time_s": 35.911650783020654, "data_management_time_s": 2.6913492169793463, "gmx_freq_ns_per_sec": 4.481, "workflow_type": "Workflow 1"}