{"dummy": true, "analysis_time_s": 5.063616264029406, "analysis_time_s_sem": 0.022997397689930307, "analysis_output_time_s": 1.4769902918487787e-06, "analysis_output_time_s_sem": 2.724721440323881e-09, "ete_simulation_time_s": 42.812550532005844, "total_time_s": 42.81407970099826, "simulation_time_s": 36.112275398, "total_data_read_time_s": 29.682112199, "data_management_time_s": 30.975882338999998, "gmx_freq_ns_per_sec": 4.425, "workflow_type": "Workflow 4"}