{"dummy": true, "ete_simulation_time_s": 83.47975272999611, "analysis_time_s": 789.7320530180587, "analysis_time_s_sem": 0.10319466728194394, "analysis_output_time_s": 4.688296030508354e-05, "analysis_output_time_s_sem": 1.8688978143622242e-09, "read_frames_time": 0.870049185003154, "ete_analysis_time_s": 66.54540289800207, "total_time_s": 150.04972067500057, "simulation_time_s": 80.42090393203654, "data_management_time_s": 1.0930960679634592, "gmx_freq_ns_per_sec": 2.122, "workflow_type": "Workflow 1"}