{"dummy": true, "analysis_time_s": 4.359667905970127, "analysis_time_s_sem": 0.020986578332528268, "analysis_output_time_s": 1.559033989906311e-06, "analysis_output_time_s_sem": 4.426844414203709e-09, "ete_simulation_time_s": 94.82875804101059, "total_time_s": 94.83099711200339, "simulation_time_s": 82.536641223, "data_management_time_s": 0.006203685000000014, "gmx_freq_ns_per_sec": 1.95, "workflow_type": "Workflow 2"}