{"dummy": true, "ete_simulation_time_s": 155.1115004930034, "analysis_time_s": 126.82572290800454, "analysis_time_s_sem": 0.055309799264169124, "analysis_output_time_s": 1.3983022654429078e-05, "analysis_output_time_s_sem": 1.6516642779728153e-09, "total_time_s": 158.37612002099922, "simulation_time_s": 52.595644252999996, "total_data_read_time_s": 25.391523677000002, "data_management_time_s": 122.92753433799999, "gmx_freq_ns_per_sec": 1.142, "workflow_type": "Workflow 4"}