{"dummy": true, "analysis_time_s": 5.352621433019522, "analysis_time_s_sem": 0.018659046667260877, "analysis_output_time_s": 1.9920116756111383e-06, "analysis_output_time_s_sem": 1.3940280653862997e-08, "ete_simulation_time_s": 51.86536606500158, "total_time_s": 51.86657449400809, "simulation_time_s": 46.308026319, "total_data_read_time_s": 41.013384004, "data_management_time_s": 42.585900594, "gmx_freq_ns_per_sec": 3.535, "workflow_type": "Workflow 4"}