{"dummy": true, "analysis_time_s": 4.501156655009254, "analysis_time_s_sem": 0.020917507993398206, "analysis_output_time_s": 1.6110061551444232e-06, "analysis_output_time_s_sem": 4.533465402242774e-09, "ete_simulation_time_s": 41.09040954700322, "total_time_s": 41.092253072005406, "simulation_time_s": 36.415219490000005, "total_data_read_time_s": 31.629600482999997, "data_management_time_s": 32.836101809999995, "gmx_freq_ns_per_sec": 4.469, "workflow_type": "Workflow 4"}