{"dummy": true, "analysis_time_s": 4.320351083020796, "analysis_time_s_sem": 0.020582483516708265, "analysis_output_time_s": 1.640029950067401e-06, "analysis_output_time_s_sem": 1.1901682267536075e-08, "ete_simulation_time_s": 61.67353077400185, "total_time_s": 61.683972764003556, "simulation_time_s": 45.386052867, "data_management_time_s": 5.345323610999999, "gmx_freq_ns_per_sec": 3.08, "workflow_type": "Workflow 3"}