{"dummy": true, "analysis_time_s": 3.9083161679736804, "analysis_time_s_sem": 0.020416006686891915, "analysis_output_time_s": 1.3680109987035394e-06, "analysis_output_time_s_sem": 4.638728078172507e-09, "ete_simulation_time_s": 625.1348065679922, "total_time_s": 625.1580832509935, "simulation_time_s": 614.145925204, "data_management_time_s": 0.004857746999999968, "gmx_freq_ns_per_sec": 0.279, "workflow_type": "Workflow 2"}