{"dummy": true, "analysis_time_s": 119.24336242399295, "analysis_time_s_sem": 0.05327271949317553, "analysis_output_time_s": 1.4142962754704058e-05, "analysis_output_time_s_sem": 2.406295415585297e-09, "ete_simulation_time_s": 290.86525101399457, "total_time_s": 290.8674520159984, "simulation_time_s": 164.624979925, "data_management_time_s": 0.0366424190000032, "gmx_freq_ns_per_sec": 0.604, "workflow_type": "Workflow 2"}