{"dummy": true, "analysis_time_s": 4.064690407009039, "analysis_time_s_sem": 0.016363857828120786, "analysis_output_time_s": 1.414009602740407e-06, "analysis_output_time_s_sem": 3.713508320808376e-09, "ete_simulation_time_s": 580.5723495519997, "total_time_s": 580.5765164539989, "simulation_time_s": 564.547213045, "data_management_time_s": 3.9631115449999994, "gmx_freq_ns_per_sec": 0.301, "workflow_type": "Workflow 3"}