{"dummy": true, "ete_simulation_time_s": 161.41081235599995, "analysis_time_s": 19.267810237026424, "analysis_time_s_sem": 0.042807028679521616, "analysis_output_time_s": 4.230998456478119e-06, "analysis_output_time_s_sem": 5.969939235162028e-09, "read_frames_time": 0.8179735450030421, "ete_analysis_time_s": 12.220172974004527, "total_time_s": 173.6329635869988, "simulation_time_s": 158.39402222399852, "data_management_time_s": 1.1429777760014985, "gmx_freq_ns_per_sec": 1.084, "workflow_type": "Workflow 1"}