{"dummy": true, "ete_simulation_time_s": 197.44238145000418, "analysis_time_s": 162.7239434549556, "analysis_time_s_sem": 0.069382614517906, "analysis_output_time_s": 2.1063984604552388e-05, "analysis_output_time_s_sem": 4.776539765067399e-09, "total_time_s": 199.5510860899958, "simulation_time_s": 34.243302945, "total_data_read_time_s": 27.64172238, "data_management_time_s": 183.055982419, "gmx_freq_ns_per_sec": 0.904, "workflow_type": "Workflow 4"}