{"dummy": true, "analysis_time_s": 4.120554760011146, "analysis_time_s_sem": 0.01780720583546376, "analysis_output_time_s": 1.5940240700729191e-06, "analysis_output_time_s_sem": 5.740288094883468e-09, "ete_simulation_time_s": 60.70272802600084, "total_time_s": 60.70682746700186, "simulation_time_s": 56.158603269000004, "total_data_read_time_s": 52.03255826, "data_management_time_s": 53.224635234000004, "gmx_freq_ns_per_sec": 2.956, "workflow_type": "Workflow 4"}