{"dummy": true, "analysis_time_s": 120.3971760559507, "analysis_time_s_sem": 0.053581096779584975, "analysis_output_time_s": 1.5119978343136609e-05, "analysis_output_time_s_sem": 2.622485340595147e-09, "ete_simulation_time_s": 265.8882070719992, "total_time_s": 265.9073012209992, "simulation_time_s": 96.96392054, "data_management_time_s": 42.37745798, "gmx_freq_ns_per_sec": 0.662, "workflow_type": "Workflow 3"}