{"dummy": true, "analysis_time_s": 4.208919397002319, "analysis_time_s_sem": 0.018806060195797187, "analysis_output_time_s": 1.6560079529881477e-06, "analysis_output_time_s_sem": 4.604388437896189e-09, "ete_simulation_time_s": 49.157395419999375, "total_time_s": 49.15885246099788, "simulation_time_s": 37.145630788000005, "data_management_time_s": 0.008100393999999511, "gmx_freq_ns_per_sec": 4.055, "workflow_type": "Workflow 2"}