{"dummy": true, "analysis_time_s": 150.24218165002821, "analysis_time_s_sem": 0.0644501366463493, "analysis_output_time_s": 2.1454980014823377e-05, "analysis_output_time_s_sem": 3.827783192937507e-09, "ete_simulation_time_s": 203.63744454400148, "total_time_s": 203.65273667500878, "simulation_time_s": 43.274727428, "data_management_time_s": 0.1056247760000133, "gmx_freq_ns_per_sec": 0.881, "workflow_type": "Workflow 2"}