{"dummy": true, "analysis_time_s": 129.57982853801514, "analysis_time_s_sem": 0.05311683239322977, "analysis_output_time_s": 1.5243989764712751e-05, "analysis_output_time_s_sem": 2.2533419289295664e-09, "ete_simulation_time_s": 212.92001755099045, "total_time_s": 212.9255704949901, "simulation_time_s": 75.03757994300001, "data_management_time_s": 0.04955616799998097, "gmx_freq_ns_per_sec": 0.838, "workflow_type": "Workflow 2"}