{"dummy": true, "analysis_time_s": 5.789433085010387, "analysis_time_s_sem": 0.029864233620516295, "analysis_output_time_s": 2.2860331228002906e-06, "analysis_output_time_s_sem": 1.0771806808472669e-08, "ete_simulation_time_s": 50.33056956899236, "total_time_s": 50.35502161800105, "simulation_time_s": 33.488435977, "data_management_time_s": 0.012095559000000478, "gmx_freq_ns_per_sec": 4.211, "workflow_type": "Workflow 2"}