{"dummy": true, "analysis_time_s": 121.31460353899456, "analysis_time_s_sem": 0.05376645347733058, "analysis_output_time_s": 1.5027981135062873e-05, "analysis_output_time_s_sem": 3.693432595172626e-09, "ete_simulation_time_s": 188.77039540201076, "total_time_s": 188.78196903300704, "simulation_time_s": 59.70294599, "data_management_time_s": 0.06710169099999064, "gmx_freq_ns_per_sec": 0.949, "workflow_type": "Workflow 2"}