{"dummy": true, "ete_simulation_time_s": 39.77647021399753, "analysis_time_s": 145.38483595399157, "analysis_time_s_sem": 0.05459566858602737, "analysis_output_time_s": 1.5043973689898849e-05, "analysis_output_time_s_sem": 2.472063197060203e-09, "read_frames_time": 2.425983360997634, "ete_analysis_time_s": 149.73357067899633, "total_time_s": 189.51616526999715, "simulation_time_s": 33.93000159502868, "data_management_time_s": 2.566998404971324, "gmx_freq_ns_per_sec": 4.739, "workflow_type": "Workflow 1"}