{"dummy": true, "analysis_time_s": 5.579648717015516, "analysis_time_s_sem": 0.02757180086745526, "analysis_output_time_s": 2.0960287656635046e-06, "analysis_output_time_s_sem": 1.439504301598948e-08, "ete_simulation_time_s": 47.51641373899474, "total_time_s": 47.523341135995, "simulation_time_s": 34.051763095000005, "data_management_time_s": 0.016549499999999995, "gmx_freq_ns_per_sec": 4.206, "workflow_type": "Workflow 2"}