{"dummy": true, "analysis_time_s": 3.9857874610024737, "analysis_time_s_sem": 0.017482754537962438, "analysis_output_time_s": 1.5270052244886756e-06, "analysis_output_time_s_sem": 5.583281431673905e-09, "ete_simulation_time_s": 95.41836465799133, "total_time_s": 95.42018982299487, "simulation_time_s": 81.254100995, "data_management_time_s": 4.5158051320000006, "gmx_freq_ns_per_sec": 1.899, "workflow_type": "Workflow 3"}