{"dummy": true, "analysis_time_s": 124.38084036500368, "analysis_time_s_sem": 0.05608060273533156, "analysis_output_time_s": 1.4391975128091872e-05, "analysis_output_time_s_sem": 2.717610149438837e-09, "ete_simulation_time_s": 342.9951848950004, "total_time_s": 343.00028939199547, "simulation_time_s": 169.72530886799998, "data_management_time_s": 41.105394447999984, "gmx_freq_ns_per_sec": 0.513, "workflow_type": "Workflow 3"}