{"dummy": true, "ete_simulation_time_s": 48.80962956300209, "analysis_time_s": 1519.3650999171223, "analysis_time_s_sem": 0.12252939794864852, "analysis_output_time_s": 6.694700277876109e-05, "analysis_output_time_s_sem": 1.5288165521978994e-09, "read_frames_time": 0.8939712120045442, "ete_analysis_time_s": 730.5785902220014, "total_time_s": 779.4102782979971, "simulation_time_s": 45.55896184099267, "data_management_time_s": 1.104038159007323, "gmx_freq_ns_per_sec": 3.707, "workflow_type": "Workflow 1"}