{"dummy": true, "analysis_time_s": 3.9210508770047454, "analysis_time_s_sem": 0.01842186632501989, "analysis_output_time_s": 1.624008291400969e-06, "analysis_output_time_s_sem": 7.670533319189933e-09, "ete_simulation_time_s": 60.250488057004986, "total_time_s": 60.251361993010505, "simulation_time_s": 45.784818905, "data_management_time_s": 4.898186065000001, "gmx_freq_ns_per_sec": 3.104, "workflow_type": "Workflow 3"}