{"dummy": true, "ete_simulation_time_s": 586.2325796429941, "analysis_time_s": 7.899450200013234, "analysis_time_s_sem": 0.021148663640585583, "analysis_output_time_s": 2.273998688906431e-06, "analysis_output_time_s_sem": 6.612196679803739e-09, "read_frames_time": 1.3565972549986327, "ete_analysis_time_s": 9.88168429700454, "total_time_s": 596.1238588469932, "simulation_time_s": 582.7554004710026, "data_management_time_s": 2.1195995289973215, "gmx_freq_ns_per_sec": 0.296, "workflow_type": "Workflow 1"}