{"dummy": true, "ete_simulation_time_s": 62.26229702499404, "analysis_time_s": 9944.155620408084, "analysis_time_s_sem": 0.20335177116609393, "analysis_output_time_s": 0.00018048417405225337, "analysis_output_time_s_sem": 9.53887187435895e-10, "read_frames_time": 1.3315523950004717, "ete_analysis_time_s": 2065.7363021369965, "total_time_s": 2128.125032454991, "simulation_time_s": 58.27026712082548, "data_management_time_s": 1.616732879174524, "gmx_freq_ns_per_sec": 2.888, "workflow_type": "Workflow 1"}