{"dummy": true, "analysis_time_s": 119.83068760303286, "analysis_time_s_sem": 0.05299184988415195, "analysis_output_time_s": 1.3314980606082827e-05, "analysis_output_time_s_sem": 1.2132888331903488e-09, "ete_simulation_time_s": 243.70117543300148, "total_time_s": 243.7029078850028, "simulation_time_s": 73.68677126700001, "data_management_time_s": 42.27878415700002, "gmx_freq_ns_per_sec": 0.729, "workflow_type": "Workflow 3"}