{"dummy": true, "analysis_time_s": 120.09213586201076, "analysis_time_s_sem": 0.05317446568546115, "analysis_output_time_s": 1.5954006812535226e-05, "analysis_output_time_s_sem": 1.7738154373828234e-09, "ete_simulation_time_s": 165.92595688899746, "total_time_s": 165.93033879799623, "simulation_time_s": 39.966298364000004, "data_management_time_s": 0.065418018999992, "gmx_freq_ns_per_sec": 1.074, "workflow_type": "Workflow 2"}