{"dummy": true, "ete_simulation_time_s": 85.58550484800071, "analysis_time_s": 146.0623312220414, "analysis_time_s_sem": 0.05392398483215666, "analysis_output_time_s": 1.441595668438822e-05, "analysis_output_time_s_sem": 2.31069891771145e-09, "read_frames_time": 2.339244097005576, "ete_analysis_time_s": 150.54673000599723, "total_time_s": 236.15161717399315, "simulation_time_s": 80.19274148703774, "data_management_time_s": 2.6402585129622604, "gmx_freq_ns_per_sec": 2.088, "workflow_type": "Workflow 1"}