{"dummy": true, "analysis_time_s": 4.2070535969833145, "analysis_time_s_sem": 0.018127948832605864, "analysis_output_time_s": 1.585969584994018e-06, "analysis_output_time_s_sem": 3.124299591224285e-09, "ete_simulation_time_s": 64.68297101999633, "total_time_s": 64.68696832899877, "simulation_time_s": 46.073785582999996, "data_management_time_s": 5.356395047999999, "gmx_freq_ns_per_sec": 3.045, "workflow_type": "Workflow 3"}