{"dummy": true, "analysis_time_s": 4.356657487005577, "analysis_time_s_sem": 0.017436936007739635, "analysis_output_time_s": 1.4440156519412994e-06, "analysis_output_time_s_sem": 4.0225582821101626e-09, "ete_simulation_time_s": 162.8074904189998, "total_time_s": 162.81015866400412, "simulation_time_s": 157.295149874, "total_data_read_time_s": 153.1474958, "data_management_time_s": 154.272640028, "gmx_freq_ns_per_sec": 1.076, "workflow_type": "Workflow 4"}