{"dummy": true, "analysis_time_s": 4.48086341698945, "analysis_time_s_sem": 0.019286898103591646, "analysis_output_time_s": 1.582993718329817e-06, "analysis_output_time_s_sem": 4.104104053869229e-09, "ete_simulation_time_s": 75.8392783570016, "total_time_s": 75.84081545400113, "simulation_time_s": 59.220459119, "data_management_time_s": 4.781251720000001, "gmx_freq_ns_per_sec": 2.478, "workflow_type": "Workflow 3"}