{"dummy": true, "analysis_time_s": 116.09124522798083, "analysis_time_s_sem": 0.052085562955401864, "analysis_output_time_s": 1.50219930219464e-05, "analysis_output_time_s_sem": 1.5718782336464863e-09, "ete_simulation_time_s": 239.51457499700336, "total_time_s": 239.51807329599978, "simulation_time_s": 74.492169392, "data_management_time_s": 43.23906380699998, "gmx_freq_ns_per_sec": 0.735, "workflow_type": "Workflow 3"}