{"dummy": true, "ete_simulation_time_s": 40.30101445199398, "analysis_time_s": 2597.8427854400943, "analysis_time_s_sem": 0.1403533275367631, "analysis_output_time_s": 8.937602979131043e-05, "analysis_output_time_s_sem": 1.336137901930373e-09, "read_frames_time": 0.6987564989976818, "ete_analysis_time_s": 120.29234453898971, "total_time_s": 160.59478205099003, "simulation_time_s": 36.91015412497252, "data_management_time_s": 0.7588458750274731, "gmx_freq_ns_per_sec": 4.592, "workflow_type": "Workflow 1"}