{"dummy": true, "ete_simulation_time_s": 154.95462865399895, "analysis_time_s": 128.11627446905186, "analysis_time_s_sem": 0.057209013144966396, "analysis_output_time_s": 1.6374950064346194e-05, "analysis_output_time_s_sem": 3.6021055817018015e-09, "total_time_s": 158.46725305198925, "simulation_time_s": 47.650889684, "total_data_read_time_s": 25.200446155, "data_management_time_s": 128.42500948400001, "gmx_freq_ns_per_sec": 1.138, "workflow_type": "Workflow 4"}