{"dummy": true, "ete_simulation_time_s": 38.4700539859914, "analysis_time_s": 6059.577699200061, "analysis_time_s_sem": 0.1793923573243255, "analysis_output_time_s": 0.00013958622002974153, "analysis_output_time_s_sem": 1.0647370604793926e-09, "read_frames_time": 1.114777378999861, "ete_analysis_time_s": 190.2031750810129, "total_time_s": 228.69921706400055, "simulation_time_s": 33.78308303478011, "data_management_time_s": 1.1769169652198908, "gmx_freq_ns_per_sec": 4.948, "workflow_type": "Workflow 1"}