{"dummy": true, "ete_simulation_time_s": 162.0500758230046, "analysis_time_s": 7.2258305130235385, "analysis_time_s_sem": 0.017194216268411572, "analysis_output_time_s": 1.6709818737581372e-06, "analysis_output_time_s_sem": 5.536528192206198e-09, "read_frames_time": 2.2180164809979033, "ete_analysis_time_s": 11.342115555002238, "total_time_s": 173.40241830199375, "simulation_time_s": 156.84698184802022, "data_management_time_s": 2.582018151979777, "gmx_freq_ns_per_sec": 1.085, "workflow_type": "Workflow 1"}