{"dummy": true, "analysis_time_s": 4.1418140760215465, "analysis_time_s_sem": 0.019603280367322395, "analysis_output_time_s": 1.2604010407812893e-05, "analysis_output_time_s_sem": 1.0055326071597436e-06, "ete_simulation_time_s": 98.40089796199754, "total_time_s": 98.40454204799607, "simulation_time_s": 81.274227829, "data_management_time_s": 4.523658661999999, "gmx_freq_ns_per_sec": 1.877, "workflow_type": "Workflow 3"}