{"dummy": true, "analysis_time_s": 160.18524781301676, "analysis_time_s_sem": 0.06773812658576298, "analysis_output_time_s": 2.207307261414826e-05, "analysis_output_time_s_sem": 3.738286325402367e-09, "ete_simulation_time_s": 270.2750396439951, "total_time_s": 270.3390834029997, "simulation_time_s": 41.466819507000004, "data_management_time_s": 55.444773991000005, "gmx_freq_ns_per_sec": 0.667, "workflow_type": "Workflow 3"}