{"dummy": true, "analysis_time_s": 5.800309945974732, "analysis_time_s_sem": 0.02266419660050911, "analysis_output_time_s": 2.433967893011868e-06, "analysis_output_time_s_sem": 1.5066973883605646e-08, "ete_simulation_time_s": 61.03680138201162, "total_time_s": 61.05016390699893, "simulation_time_s": 34.522029337, "data_management_time_s": 6.494975989, "gmx_freq_ns_per_sec": 3.477, "workflow_type": "Workflow 3"}