{"dummy": true, "ete_simulation_time_s": 156.3479646180058, "analysis_time_s": 127.45513264300826, "analysis_time_s_sem": 0.05530160390682622, "analysis_output_time_s": 1.3996002962812781e-05, "analysis_output_time_s_sem": 1.4282388713379561e-09, "total_time_s": 159.1874070699996, "simulation_time_s": 43.285945195000004, "total_data_read_time_s": 25.395161162, "data_management_time_s": 133.457613843, "gmx_freq_ns_per_sec": 1.134, "workflow_type": "Workflow 4"}