{"dummy": true, "ete_simulation_time_s": 608.8671861869952, "analysis_time_s": 7879.992008547037, "analysis_time_s_sem": 0.1915966097351508, "analysis_output_time_s": 0.0001599261158844456, "analysis_output_time_s_sem": 9.920859640952333e-10, "read_frames_time": 1.340024680001079, "ete_analysis_time_s": 1821.8864974099997, "total_time_s": 2430.8289064349956, "simulation_time_s": 604.651815393883, "data_management_time_s": 2.4751846061169633, "gmx_freq_ns_per_sec": 0.285, "workflow_type": "Workflow 1"}