{"dummy": true, "analysis_time_s": 3.964551144010329, "analysis_time_s_sem": 0.018144983471309144, "analysis_output_time_s": 1.4880133676342666e-06, "analysis_output_time_s_sem": 4.843102436454885e-09, "ete_simulation_time_s": 52.353368657997635, "total_time_s": 52.354282749998674, "simulation_time_s": 37.489723798, "data_management_time_s": 4.9408884650000005, "gmx_freq_ns_per_sec": 3.609, "workflow_type": "Workflow 3"}