{"dummy": true, "analysis_time_s": 119.56981317301688, "analysis_time_s_sem": 0.05318162316654963, "analysis_output_time_s": 1.5856974641792476e-05, "analysis_output_time_s_sem": 2.1396383190101144e-09, "ete_simulation_time_s": 223.34950769999705, "total_time_s": 223.35399787599454, "simulation_time_s": 95.961680763, "data_management_time_s": 0.046251170000005004, "gmx_freq_ns_per_sec": 0.791, "workflow_type": "Workflow 2"}