{"dummy": true, "ete_simulation_time_s": 183.62332371999946, "analysis_time_s": 154.00267403803446, "analysis_time_s_sem": 0.06387800214863423, "analysis_output_time_s": 1.9767001504078507e-05, "analysis_output_time_s_sem": 4.075522614858754e-09, "total_time_s": 186.5321346730052, "simulation_time_s": 35.52226914, "total_data_read_time_s": 26.016993218, "data_management_time_s": 168.198794572, "gmx_freq_ns_per_sec": 0.961, "workflow_type": "Workflow 4"}