{"dummy": true, "analysis_time_s": 4.480536057999416, "analysis_time_s_sem": 0.02244203331292954, "analysis_output_time_s": 1.7499987734481692e-06, "analysis_output_time_s_sem": 1.2074371359316397e-08, "ete_simulation_time_s": 53.110475948000385, "total_time_s": 53.1116092700031, "simulation_time_s": 42.345492085, "data_management_time_s": 0.007406135000000091, "gmx_freq_ns_per_sec": 3.607, "workflow_type": "Workflow 2"}