{"dummy": true, "analysis_time_s": 4.864295423976728, "analysis_time_s_sem": 0.02083100569942801, "analysis_output_time_s": 1.7840357031673193e-06, "analysis_output_time_s_sem": 1.2499711871299192e-08, "ete_simulation_time_s": 58.03300704499998, "total_time_s": 58.03401439001027, "simulation_time_s": 43.538717858999995, "data_management_time_s": 0.007409397999999179, "gmx_freq_ns_per_sec": 3.463, "workflow_type": "Workflow 2"}