{"dummy": true, "ete_simulation_time_s": 85.83517914300319, "analysis_time_s": 12257.488184939095, "analysis_time_s_sem": 0.21498768537910593, "analysis_output_time_s": 0.00020113326900172979, "analysis_output_time_s_sem": 9.348187558339313e-10, "read_frames_time": 1.1464813529892126, "ete_analysis_time_s": 2314.6819962309964, "total_time_s": 2400.5192201050086, "simulation_time_s": 82.03931751374179, "data_management_time_s": 1.4726824862582144, "gmx_freq_ns_per_sec": 2.071, "workflow_type": "Workflow 1"}