{"dummy": true, "analysis_time_s": 116.9591580230117, "analysis_time_s_sem": 0.05042232547423412, "analysis_output_time_s": 1.2801021512132138e-05, "analysis_output_time_s_sem": 1.560655452720779e-09, "ete_simulation_time_s": 705.0332352289988, "total_time_s": 705.0361040220014, "simulation_time_s": 580.2376229179999, "data_management_time_s": 0.03764874800000939, "gmx_freq_ns_per_sec": 0.247, "workflow_type": "Workflow 2"}