{"dummy": true, "analysis_time_s": 4.60964766098914, "analysis_time_s_sem": 0.01892257481384366, "analysis_output_time_s": 1.690968929324299e-06, "analysis_output_time_s_sem": 5.671925322654577e-09, "ete_simulation_time_s": 164.48694747300033, "total_time_s": 164.48845968300157, "simulation_time_s": 158.548930407, "total_data_read_time_s": 152.97645955299998, "data_management_time_s": 154.045696704, "gmx_freq_ns_per_sec": 1.07, "workflow_type": "Workflow 4"}