{"dummy": true, "analysis_time_s": 3.8516966209790553, "analysis_time_s_sem": 0.01834181302775594, "analysis_output_time_s": 1.61500065587461e-06, "analysis_output_time_s_sem": 1.7073507927292667e-08, "ete_simulation_time_s": 91.96761642099591, "total_time_s": 91.96942388200114, "simulation_time_s": 82.950002735, "data_management_time_s": 0.004745133999999762, "gmx_freq_ns_per_sec": 1.964, "workflow_type": "Workflow 2"}