{"dummy": true, "analysis_time_s": 4.378083381976467, "analysis_time_s_sem": 0.018695283748727875, "analysis_output_time_s": 1.5390251064673066e-06, "analysis_output_time_s_sem": 3.5517798276753973e-09, "ete_simulation_time_s": 61.32464082000661, "total_time_s": 61.336147668000194, "simulation_time_s": 55.781168091, "total_data_read_time_s": 50.05816492100001, "data_management_time_s": 51.172620413000004, "gmx_freq_ns_per_sec": 2.979, "workflow_type": "Workflow 4"}