{"dummy": true, "ete_simulation_time_s": 144.43626567600586, "analysis_time_s": 118.26288129395107, "analysis_time_s_sem": 0.051788124031469714, "analysis_output_time_s": 1.380903268000111e-05, "analysis_output_time_s_sem": 1.1851231728090106e-09, "total_time_s": 147.91814343600709, "simulation_time_s": 58.12192923200001, "total_data_read_time_s": 25.464049896000002, "data_management_time_s": 108.40288706, "gmx_freq_ns_per_sec": 1.215, "workflow_type": "Workflow 4"}