{"dummy": true, "ete_simulation_time_s": 47.64150664999033, "analysis_time_s": 144.54045516697806, "analysis_time_s_sem": 0.051590960862477185, "analysis_output_time_s": 1.4412958989851177e-05, "analysis_output_time_s_sem": 2.0607280457106868e-09, "read_frames_time": 2.4756459320051363, "ete_analysis_time_s": 149.19002385699423, "total_time_s": 196.8353515889903, "simulation_time_s": 41.88133965503587, "data_management_time_s": 2.657660344964126, "gmx_freq_ns_per_sec": 3.884, "workflow_type": "Workflow 1"}