{"dummy": true, "analysis_time_s": 115.05503421199683, "analysis_time_s_sem": 0.05123951895817748, "analysis_output_time_s": 1.3790049706585705e-05, "analysis_output_time_s_sem": 1.3956619155191841e-09, "ete_simulation_time_s": 194.23040989300353, "total_time_s": 194.25638525599788, "simulation_time_s": 72.76713661000001, "data_management_time_s": 0.04444415700000093, "gmx_freq_ns_per_sec": 0.914, "workflow_type": "Workflow 2"}