{"dummy": true, "ete_simulation_time_s": 165.71733729900734, "analysis_time_s": 136.13234798194026, "analysis_time_s_sem": 0.0564471553499498, "analysis_output_time_s": 1.504395913798362e-05, "analysis_output_time_s_sem": 3.4866942458875593e-09, "total_time_s": 168.77014662300644, "simulation_time_s": 47.86553716, "total_data_read_time_s": 25.512906705000002, "data_management_time_s": 138.064897593, "gmx_freq_ns_per_sec": 1.071, "workflow_type": "Workflow 4"}