{"dummy": true, "analysis_time_s": 5.308507739013294, "analysis_time_s_sem": 0.028700695886671127, "analysis_output_time_s": 2.0169973140582442e-06, "analysis_output_time_s_sem": 1.5556767962188622e-08, "ete_simulation_time_s": 54.04111993100378, "total_time_s": 54.042602526002156, "simulation_time_s": 47.306074116999994, "total_data_read_time_s": 40.997279464, "data_management_time_s": 42.543011711, "gmx_freq_ns_per_sec": 3.455, "workflow_type": "Workflow 4"}