{"dummy": true, "analysis_time_s": 152.20583675897797, "analysis_time_s_sem": 0.06735993290686455, "analysis_output_time_s": 2.0060979295521975e-05, "analysis_output_time_s_sem": 3.9186058741161235e-09, "ete_simulation_time_s": 258.44694511100533, "total_time_s": 258.46161074399424, "simulation_time_s": 42.218186015, "data_management_time_s": 54.919794894000034, "gmx_freq_ns_per_sec": 0.689, "workflow_type": "Workflow 3"}