{"dummy": true, "analysis_time_s": 6.37912447398412, "analysis_time_s_sem": 0.02182445480437384, "analysis_output_time_s": 2.5790504878386855e-06, "analysis_output_time_s_sem": 1.59946724760613e-08, "ete_simulation_time_s": 41.245200392004335, "total_time_s": 41.255265330997645, "simulation_time_s": 33.34169943, "total_data_read_time_s": 26.954566797000002, "data_management_time_s": 28.770916034000003, "gmx_freq_ns_per_sec": 4.673, "workflow_type": "Workflow 4"}