{"dummy": true, "analysis_time_s": 4.390182068003924, "analysis_time_s_sem": 0.01655337437778972, "analysis_output_time_s": 1.6169942682608962e-06, "analysis_output_time_s_sem": 5.530817364065047e-09, "ete_simulation_time_s": 57.537540442994214, "total_time_s": 57.538783251991845, "simulation_time_s": 39.268814188, "data_management_time_s": 5.101727146000001, "gmx_freq_ns_per_sec": 3.44, "workflow_type": "Workflow 3"}