{"dummy": true, "analysis_time_s": 4.418812206982693, "analysis_time_s_sem": 0.019682370593388267, "analysis_output_time_s": 1.7350103007629514e-06, "analysis_output_time_s_sem": 5.8247955771383e-09, "ete_simulation_time_s": 84.86359088500467, "total_time_s": 84.86597777400311, "simulation_time_s": 80.282855662, "total_data_read_time_s": 76.01374167, "data_management_time_s": 77.286471353, "gmx_freq_ns_per_sec": 2.09, "workflow_type": "Workflow 4"}