{"dummy": true, "ete_simulation_time_s": 40.51825968999765, "analysis_time_s": 12528.199017406077, "analysis_time_s_sem": 0.21645394911908863, "analysis_output_time_s": 0.00020301721815485507, "analysis_output_time_s_sem": 9.372892480345621e-10, "read_frames_time": 1.160520412013284, "ete_analysis_time_s": 271.90152833198954, "total_time_s": 312.42580756900134, "simulation_time_s": 36.643276570768556, "data_management_time_s": 1.2387234292314389, "gmx_freq_ns_per_sec": 4.566, "workflow_type": "Workflow 1"}