{"dummy": true, "analysis_time_s": 4.945354625961045, "analysis_time_s_sem": 0.023445672727069947, "analysis_output_time_s": 2.245986252091825e-06, "analysis_output_time_s_sem": 1.2138196771292039e-08, "ete_simulation_time_s": 48.76409777200024, "total_time_s": 48.76510614700965, "simulation_time_s": 42.420753688, "total_data_read_time_s": 37.29369803, "data_management_time_s": 38.901801756000005, "gmx_freq_ns_per_sec": 3.81, "workflow_type": "Workflow 4"}