{"dummy": true, "analysis_time_s": 7.801287073001731, "analysis_time_s_sem": 0.04073031892306042, "analysis_output_time_s": 2.491011400707066e-06, "analysis_output_time_s_sem": 6.825327164835169e-09, "ete_simulation_time_s": 45.474813329994504, "total_time_s": 45.476487959000224, "simulation_time_s": 34.417080748000004, "total_data_read_time_s": 26.320555696, "data_management_time_s": 29.859393273, "gmx_freq_ns_per_sec": 4.358, "workflow_type": "Workflow 4"}