{"dummy": true, "analysis_time_s": 121.57649942696298, "analysis_time_s_sem": 0.053365456047656204, "analysis_output_time_s": 1.4983976143412292e-05, "analysis_output_time_s_sem": 2.315764032785502e-09, "ete_simulation_time_s": 218.08809409000241, "total_time_s": 218.09185364400037, "simulation_time_s": 43.29749769, "data_management_time_s": 45.319057633000014, "gmx_freq_ns_per_sec": 0.818, "workflow_type": "Workflow 3"}