{"dummy": true, "analysis_time_s": 4.331819475002703, "analysis_time_s_sem": 0.019967175383824684, "analysis_output_time_s": 1.5119803720153868e-06, "analysis_output_time_s_sem": 3.3070347252441773e-09, "ete_simulation_time_s": 85.69143500499922, "total_time_s": 85.69884072499553, "simulation_time_s": 80.273191036, "total_data_read_time_s": 74.693349086, "data_management_time_s": 75.795412529, "gmx_freq_ns_per_sec": 2.09, "workflow_type": "Workflow 4"}