{"dummy": true, "analysis_time_s": 5.908091722994868, "analysis_time_s_sem": 0.03673078719866125, "analysis_output_time_s": 1.8199862097389996e-06, "analysis_output_time_s_sem": 1.0784079582738936e-08, "ete_simulation_time_s": 50.063082002001465, "total_time_s": 50.0658884220029, "simulation_time_s": 43.084026887, "total_data_read_time_s": 35.549077495, "data_management_time_s": 37.149116987999996, "gmx_freq_ns_per_sec": 3.773, "workflow_type": "Workflow 4"}