{"dummy": true, "analysis_time_s": 125.90579213597812, "analysis_time_s_sem": 0.055080226514450485, "analysis_output_time_s": 1.552207686472684e-05, "analysis_output_time_s_sem": 3.158311399834934e-09, "ete_simulation_time_s": 181.16531830899476, "total_time_s": 181.17260634800186, "simulation_time_s": 48.060416452, "data_management_time_s": 0.07643718599999261, "gmx_freq_ns_per_sec": 0.984, "workflow_type": "Workflow 2"}